-- MySQL Script generated by MySQL Workbench
-- Thu Jan 18 20:42:51 2018
-- Model: New Model    Version: 1.0
-- MySQL Workbench Forward Engineering

SET @OLD_UNIQUE_CHECKS=@@UNIQUE_CHECKS, UNIQUE_CHECKS=0;
SET @OLD_FOREIGN_KEY_CHECKS=@@FOREIGN_KEY_CHECKS, FOREIGN_KEY_CHECKS=0;
SET @OLD_SQL_MODE=@@SQL_MODE, SQL_MODE='TRADITIONAL,ALLOW_INVALID_DATES';

-- -----------------------------------------------------
-- Schema discord_bot_rpg
-- -----------------------------------------------------
DROP SCHEMA IF EXISTS `discord_bot_rpg` ;

-- -----------------------------------------------------
-- Schema discord_bot_rpg
-- -----------------------------------------------------
CREATE SCHEMA IF NOT EXISTS `discord_bot_rpg` DEFAULT CHARACTER SET utf8 ;
USE `discord_bot_rpg` ;

-- -----------------------------------------------------
-- Table `discord_bot_rpg`.`LevelsRequire`
-- -----------------------------------------------------
DROP TABLE IF EXISTS `discord_bot_rpg`.`LevelsRequire` ;

CREATE TABLE IF NOT EXISTS `discord_bot_rpg`.`LevelsRequire` (
  `level` INT UNSIGNED NOT NULL,
  `expNextLevel` INT UNSIGNED NOT NULL,
  PRIMARY KEY (`level`),
  UNIQUE INDEX `level_UNIQUE` (`level` ASC))
ENGINE = InnoDB;


-- -----------------------------------------------------
-- Table `discord_bot_rpg`.`Levels`
-- -----------------------------------------------------
DROP TABLE IF EXISTS `discord_bot_rpg`.`Levels` ;

CREATE TABLE IF NOT EXISTS `discord_bot_rpg`.`Levels` (
  `idLevel` INT UNSIGNED NOT NULL AUTO_INCREMENT,
  `actualExp` INT UNSIGNED NOT NULL,
  `actualLevel` INT UNSIGNED NOT NULL,
  PRIMARY KEY (`idLevel`),
  UNIQUE INDEX `idLevel_UNIQUE` (`idLevel` ASC),
  INDEX `fk_Levels_LevelsRequire1_idx` (`actualLevel` ASC),
  CONSTRAINT `fk_Levels_LevelsRequire1`
    FOREIGN KEY (`actualLevel`)
    REFERENCES `discord_bot_rpg`.`LevelsRequire` (`level`)
    ON DELETE NO ACTION
    ON UPDATE NO ACTION)
ENGINE = InnoDB;


-- -----------------------------------------------------
-- Table `discord_bot_rpg`.`Characters`
-- -----------------------------------------------------
DROP TABLE IF EXISTS `discord_bot_rpg`.`Characters` ;

CREATE TABLE IF NOT EXISTS `discord_bot_rpg`.`Characters` (
  `idCharacter` INT UNSIGNED NOT NULL AUTO_INCREMENT,
  `idLevel` INT UNSIGNED NOT NULL,
  `statPoints` INT UNSIGNED NOT NULL,
  `money` INT UNSIGNED NOT NULL,
  PRIMARY KEY (`idCharacter`),
  UNIQUE INDEX `idCharacter_UNIQUE` (`idCharacter` ASC),
  INDEX `fk_Characters_Levels1_idx` (`idLevel` ASC),
  CONSTRAINT `fk_Characters_Levels1`
    FOREIGN KEY (`idLevel`)
    REFERENCES `discord_bot_rpg`.`Levels` (`idLevel`)
    ON DELETE NO ACTION
    ON UPDATE NO ACTION)
ENGINE = InnoDB;


-- -----------------------------------------------------
-- Table `discord_bot_rpg`.`Users`
-- -----------------------------------------------------
DROP TABLE IF EXISTS `discord_bot_rpg`.`Users` ;

CREATE TABLE IF NOT EXISTS `discord_bot_rpg`.`Users` (
  `idUser` VARCHAR(20) NOT NULL,
  `idCharacter` INT UNSIGNED NOT NULL,
  PRIMARY KEY (`idUser`),
  UNIQUE INDEX `idUsers_UNIQUE` (`idUser` ASC),
  INDEX `fk_Users_Character_idx` (`idCharacter` ASC),
  UNIQUE INDEX `idCharacter_UNIQUE` (`idCharacter` ASC),
  CONSTRAINT `fk_Users_Character`
    FOREIGN KEY (`idCharacter`)
    REFERENCES `discord_bot_rpg`.`Characters` (`idCharacter`)
    ON DELETE NO ACTION
    ON UPDATE NO ACTION)
ENGINE = InnoDB;


-- -----------------------------------------------------
-- Table `discord_bot_rpg`.`Stats`
-- -----------------------------------------------------
DROP TABLE IF EXISTS `discord_bot_rpg`.`Stats` ;

CREATE TABLE IF NOT EXISTS `discord_bot_rpg`.`Stats` (
  `idStat` INT UNSIGNED NOT NULL AUTO_INCREMENT,
  `nom` VARCHAR(60) NOT NULL,
  `desc` VARCHAR(255) NULL,
  PRIMARY KEY (`idStat`),
  UNIQUE INDEX `idStat_UNIQUE` (`idStat` ASC),
  UNIQUE INDEX `nom_UNIQUE` (`nom` ASC))
ENGINE = InnoDB;


-- -----------------------------------------------------
-- Table `discord_bot_rpg`.`StatsCharacters`
-- -----------------------------------------------------
DROP TABLE IF EXISTS `discord_bot_rpg`.`StatsCharacters` ;

CREATE TABLE IF NOT EXISTS `discord_bot_rpg`.`StatsCharacters` (
  `idCharacter` INT UNSIGNED NOT NULL,
  `idStat` INT UNSIGNED NOT NULL,
  `value` INT UNSIGNED NOT NULL DEFAULT 0,
  PRIMARY KEY (`idCharacter`, `idStat`),
  INDEX `fk_StatsCharacters_Stats1_idx` (`idStat` ASC),
  CONSTRAINT `fk_StatsCharacters_Characters1`
    FOREIGN KEY (`idCharacter`)
    REFERENCES `discord_bot_rpg`.`Characters` (`idCharacter`)
    ON DELETE NO ACTION
    ON UPDATE NO ACTION,
  CONSTRAINT `fk_StatsCharacters_Stats1`
    FOREIGN KEY (`idStat`)
    REFERENCES `discord_bot_rpg`.`Stats` (`idStat`)
    ON DELETE NO ACTION
    ON UPDATE NO ACTION)
ENGINE = InnoDB;


-- -----------------------------------------------------
-- Table `discord_bot_rpg`.`MonstresTypes`
-- -----------------------------------------------------
DROP TABLE IF EXISTS `discord_bot_rpg`.`MonstresTypes` ;

CREATE TABLE IF NOT EXISTS `discord_bot_rpg`.`MonstresTypes` (
  `idType` INT UNSIGNED NOT NULL AUTO_INCREMENT,
  `nom` VARCHAR(255) NOT NULL,
  PRIMARY KEY (`idType`),
  UNIQUE INDEX `idType_UNIQUE` (`idType` ASC))
ENGINE = InnoDB;


-- -----------------------------------------------------
-- Table `discord_bot_rpg`.`Monstres`
-- -----------------------------------------------------
DROP TABLE IF EXISTS `discord_bot_rpg`.`Monstres` ;

CREATE TABLE IF NOT EXISTS `discord_bot_rpg`.`Monstres` (
  `idMonstre` INT UNSIGNED NOT NULL AUTO_INCREMENT,
  `name` VARCHAR(255) NOT NULL,
  `avglevel` INT UNSIGNED NOT NULL,
  `idType` INT UNSIGNED NOT NULL,
  PRIMARY KEY (`idMonstre`),
  UNIQUE INDEX `idMonstre_UNIQUE` (`idMonstre` ASC),
  INDEX `fk_Monstres_MonstresTypes1_idx` (`idType` ASC),
  CONSTRAINT `fk_Monstres_MonstresTypes1`
    FOREIGN KEY (`idType`)
    REFERENCES `discord_bot_rpg`.`MonstresTypes` (`idType`)
    ON DELETE NO ACTION
    ON UPDATE NO ACTION)
ENGINE = InnoDB;


-- -----------------------------------------------------
-- Table `discord_bot_rpg`.`StatsMonstres`
-- -----------------------------------------------------
DROP TABLE IF EXISTS `discord_bot_rpg`.`StatsMonstres` ;

CREATE TABLE IF NOT EXISTS `discord_bot_rpg`.`StatsMonstres` (
  `idMonstre` INT UNSIGNED NOT NULL,
  `idStat` INT UNSIGNED NOT NULL,
  `value` INT UNSIGNED NOT NULL DEFAULT 0,
  PRIMARY KEY (`idMonstre`, `idStat`),
  INDEX `fk_StatsMonstres_Stats1_idx` (`idStat` ASC),
  CONSTRAINT `fk_StatsMonstres_Monstres1`
    FOREIGN KEY (`idMonstre`)
    REFERENCES `discord_bot_rpg`.`Monstres` (`idMonstre`)
    ON DELETE NO ACTION
    ON UPDATE NO ACTION,
  CONSTRAINT `fk_StatsMonstres_Stats1`
    FOREIGN KEY (`idStat`)
    REFERENCES `discord_bot_rpg`.`Stats` (`idStat`)
    ON DELETE NO ACTION
    ON UPDATE NO ACTION)
ENGINE = InnoDB;


SET SQL_MODE=@OLD_SQL_MODE;
SET FOREIGN_KEY_CHECKS=@OLD_FOREIGN_KEY_CHECKS;
SET UNIQUE_CHECKS=@OLD_UNIQUE_CHECKS;

-- -----------------------------------------------------
-- Data for table `discord_bot_rpg`.`LevelsRequire`
-- -----------------------------------------------------
START TRANSACTION;
USE `discord_bot_rpg`;
INSERT INTO `discord_bot_rpg`.`LevelsRequire` (`level`, `expNextLevel`) VALUES (1, 2);
INSERT INTO `discord_bot_rpg`.`LevelsRequire` (`level`, `expNextLevel`) VALUES (2, 24);
INSERT INTO `discord_bot_rpg`.`LevelsRequire` (`level`, `expNextLevel`) VALUES (3, 62);
INSERT INTO `discord_bot_rpg`.`LevelsRequire` (`level`, `expNextLevel`) VALUES (4, 136);
INSERT INTO `discord_bot_rpg`.`LevelsRequire` (`level`, `expNextLevel`) VALUES (5, 258);
INSERT INTO `discord_bot_rpg`.`LevelsRequire` (`level`, `expNextLevel`) VALUES (6, 440);
INSERT INTO `discord_bot_rpg`.`LevelsRequire` (`level`, `expNextLevel`) VALUES (7, 694);
INSERT INTO `discord_bot_rpg`.`LevelsRequire` (`level`, `expNextLevel`) VALUES (8, 1032);
INSERT INTO `discord_bot_rpg`.`LevelsRequire` (`level`, `expNextLevel`) VALUES (9, 1466);
INSERT INTO `discord_bot_rpg`.`LevelsRequire` (`level`, `expNextLevel`) VALUES (10, 2008);
INSERT INTO `discord_bot_rpg`.`LevelsRequire` (`level`, `expNextLevel`) VALUES (11, 2670);
INSERT INTO `discord_bot_rpg`.`LevelsRequire` (`level`, `expNextLevel`) VALUES (12, 3464);
INSERT INTO `discord_bot_rpg`.`LevelsRequire` (`level`, `expNextLevel`) VALUES (13, 4402);
INSERT INTO `discord_bot_rpg`.`LevelsRequire` (`level`, `expNextLevel`) VALUES (14, 5496);
INSERT INTO `discord_bot_rpg`.`LevelsRequire` (`level`, `expNextLevel`) VALUES (15, 6758);
INSERT INTO `discord_bot_rpg`.`LevelsRequire` (`level`, `expNextLevel`) VALUES (16, 8200);
INSERT INTO `discord_bot_rpg`.`LevelsRequire` (`level`, `expNextLevel`) VALUES (17, 9834);
INSERT INTO `discord_bot_rpg`.`LevelsRequire` (`level`, `expNextLevel`) VALUES (18, 11672);
INSERT INTO `discord_bot_rpg`.`LevelsRequire` (`level`, `expNextLevel`) VALUES (19, 13726);
INSERT INTO `discord_bot_rpg`.`LevelsRequire` (`level`, `expNextLevel`) VALUES (20, 16008);

COMMIT;


-- -----------------------------------------------------
-- Data for table `discord_bot_rpg`.`Stats`
-- -----------------------------------------------------
START TRANSACTION;
USE `discord_bot_rpg`;
INSERT INTO `discord_bot_rpg`.`Stats` (`idStat`, `nom`, `desc`) VALUES (1, 'force', NULL);
INSERT INTO `discord_bot_rpg`.`Stats` (`idStat`, `nom`, `desc`) VALUES (2, 'intelligence', NULL);
INSERT INTO `discord_bot_rpg`.`Stats` (`idStat`, `nom`, `desc`) VALUES (3, 'constitution', NULL);
INSERT INTO `discord_bot_rpg`.`Stats` (`idStat`, `nom`, `desc`) VALUES (4, 'defense', NULL);
INSERT INTO `discord_bot_rpg`.`Stats` (`idStat`, `nom`, `desc`) VALUES (5, 'dexterite', NULL);
INSERT INTO `discord_bot_rpg`.`Stats` (`idStat`, `nom`, `desc`) VALUES (6, 'sagesse', NULL);
INSERT INTO `discord_bot_rpg`.`Stats` (`idStat`, `nom`, `desc`) VALUES (7, 'volonte', NULL);
INSERT INTO `discord_bot_rpg`.`Stats` (`idStat`, `nom`, `desc`) VALUES (8, 'perception', NULL);
INSERT INTO `discord_bot_rpg`.`Stats` (`idStat`, `nom`, `desc`) VALUES (9, 'charisme', NULL);
INSERT INTO `discord_bot_rpg`.`Stats` (`idStat`, `nom`, `desc`) VALUES (10, 'luck', NULL);

COMMIT;


-- -----------------------------------------------------
-- Data for table `discord_bot_rpg`.`MonstresTypes`
-- -----------------------------------------------------
START TRANSACTION;
USE `discord_bot_rpg`;
INSERT INTO `discord_bot_rpg`.`MonstresTypes` (`idType`, `nom`) VALUES (1, 'Normal');

COMMIT;


-- -----------------------------------------------------
-- Data for table `discord_bot_rpg`.`Monstres`
-- -----------------------------------------------------
START TRANSACTION;
USE `discord_bot_rpg`;
INSERT INTO `discord_bot_rpg`.`Monstres` (`idMonstre`, `name`, `avglevel`, `idType`) VALUES (1, 'Ganguizz', 2, 1);
INSERT INTO `discord_bot_rpg`.`Monstres` (`idMonstre`, `name`, `avglevel`, `idType`) VALUES (2, 'Slime', 1, 1);
INSERT INTO `discord_bot_rpg`.`Monstres` (`idMonstre`, `name`, `avglevel`, `idType`) VALUES (3, 'Neko Girl', 7, 1);
INSERT INTO `discord_bot_rpg`.`Monstres` (`idMonstre`, `name`, `avglevel`, `idType`) VALUES (4, 'Shinobu', 20, 1);
INSERT INTO `discord_bot_rpg`.`Monstres` (`idMonstre`, `name`, `avglevel`, `idType`) VALUES (5, 'Lenka', 5, 1);

COMMIT;


-- -----------------------------------------------------
-- Data for table `discord_bot_rpg`.`StatsMonstres`
-- -----------------------------------------------------
START TRANSACTION;
USE `discord_bot_rpg`;
INSERT INTO `discord_bot_rpg`.`StatsMonstres` (`idMonstre`, `idStat`, `value`) VALUES (1, 1, 5);
INSERT INTO `discord_bot_rpg`.`StatsMonstres` (`idMonstre`, `idStat`, `value`) VALUES (1, 3, 5);
INSERT INTO `discord_bot_rpg`.`StatsMonstres` (`idMonstre`, `idStat`, `value`) VALUES (2, 1, 4);
INSERT INTO `discord_bot_rpg`.`StatsMonstres` (`idMonstre`, `idStat`, `value`) VALUES (3, 5, 15);
INSERT INTO `discord_bot_rpg`.`StatsMonstres` (`idMonstre`, `idStat`, `value`) VALUES (3, 1, 9);
INSERT INTO `discord_bot_rpg`.`StatsMonstres` (`idMonstre`, `idStat`, `value`) VALUES (3, 3, 7);
INSERT INTO `discord_bot_rpg`.`StatsMonstres` (`idMonstre`, `idStat`, `value`) VALUES (3, 4, 4);
INSERT INTO `discord_bot_rpg`.`StatsMonstres` (`idMonstre`, `idStat`, `value`) VALUES (4, 1, 25);
INSERT INTO `discord_bot_rpg`.`StatsMonstres` (`idMonstre`, `idStat`, `value`) VALUES (4, 3, 50);
INSERT INTO `discord_bot_rpg`.`StatsMonstres` (`idMonstre`, `idStat`, `value`) VALUES (4, 5, 25);
INSERT INTO `discord_bot_rpg`.`StatsMonstres` (`idMonstre`, `idStat`, `value`) VALUES (5, 1, 20);
INSERT INTO `discord_bot_rpg`.`StatsMonstres` (`idMonstre`, `idStat`, `value`) VALUES (5, 3, 5);

COMMIT;

