-- MySQL Script generated by MySQL Workbench
-- Thu Jan 25 14:07:42 2018
-- Model: New Model    Version: 1.0
-- MySQL Workbench Forward Engineering

SET @OLD_UNIQUE_CHECKS=@@UNIQUE_CHECKS, UNIQUE_CHECKS=0;
SET @OLD_FOREIGN_KEY_CHECKS=@@FOREIGN_KEY_CHECKS, FOREIGN_KEY_CHECKS=0;
SET @OLD_SQL_MODE=@@SQL_MODE, SQL_MODE='TRADITIONAL,ALLOW_INVALID_DATES';

-- -----------------------------------------------------
-- Schema discord_bot_rpg
-- -----------------------------------------------------
DROP SCHEMA IF EXISTS `discord_bot_rpg` ;

-- -----------------------------------------------------
-- Schema discord_bot_rpg
-- -----------------------------------------------------
CREATE SCHEMA IF NOT EXISTS `discord_bot_rpg` DEFAULT CHARACTER SET utf8 ;
USE `discord_bot_rpg` ;

-- -----------------------------------------------------
-- Table `discord_bot_rpg`.`LevelsRequire`
-- -----------------------------------------------------
DROP TABLE IF EXISTS `discord_bot_rpg`.`LevelsRequire` ;

CREATE TABLE IF NOT EXISTS `discord_bot_rpg`.`LevelsRequire` (
  `level` INT UNSIGNED NOT NULL AUTO_INCREMENT,
  `expNextLevel` INT UNSIGNED NOT NULL,
  PRIMARY KEY (`level`),
  UNIQUE INDEX `level_UNIQUE` (`level` ASC))
ENGINE = InnoDB;


-- -----------------------------------------------------
-- Table `discord_bot_rpg`.`Levels`
-- -----------------------------------------------------
DROP TABLE IF EXISTS `discord_bot_rpg`.`Levels` ;

CREATE TABLE IF NOT EXISTS `discord_bot_rpg`.`Levels` (
  `idLevel` INT UNSIGNED NOT NULL AUTO_INCREMENT,
  `actualExp` INT UNSIGNED NOT NULL,
  `actualLevel` INT UNSIGNED NOT NULL,
  PRIMARY KEY (`idLevel`),
  UNIQUE INDEX `idLevel_UNIQUE` (`idLevel` ASC),
  INDEX `fk_Levels_LevelsRequire1_idx` (`actualLevel` ASC),
  CONSTRAINT `fk_Levels_LevelsRequire1`
    FOREIGN KEY (`actualLevel`)
    REFERENCES `discord_bot_rpg`.`LevelsRequire` (`level`)
    ON DELETE NO ACTION
    ON UPDATE NO ACTION)
ENGINE = InnoDB;


-- -----------------------------------------------------
-- Table `discord_bot_rpg`.`Areas`
-- -----------------------------------------------------
DROP TABLE IF EXISTS `discord_bot_rpg`.`Areas` ;

CREATE TABLE IF NOT EXISTS `discord_bot_rpg`.`Areas` (
  `idArea` INT UNSIGNED NOT NULL AUTO_INCREMENT,
  `AreaName` VARCHAR(255) NOT NULL,
  `AreaDesc` VARCHAR(255) NULL,
  `AreaImage` VARCHAR(255) NOT NULL DEFAULT 'https://cdn.pixabay.com/photo/2013/04/06/11/50/image-editing-101040_960_720.jpg',
  `AreaLevels` VARCHAR(45) NOT NULL DEFAULT '1 - 2',
  PRIMARY KEY (`idArea`),
  UNIQUE INDEX `idArea_UNIQUE` (`idArea` ASC))
ENGINE = InnoDB;


-- -----------------------------------------------------
-- Table `discord_bot_rpg`.`Characters`
-- -----------------------------------------------------
DROP TABLE IF EXISTS `discord_bot_rpg`.`Characters` ;

CREATE TABLE IF NOT EXISTS `discord_bot_rpg`.`Characters` (
  `idCharacter` INT UNSIGNED NOT NULL AUTO_INCREMENT,
  `idLevel` INT UNSIGNED NOT NULL,
  `statPoints` INT UNSIGNED NOT NULL,
  `money` INT UNSIGNED NOT NULL,
  `idArea` INT UNSIGNED NOT NULL,
  PRIMARY KEY (`idCharacter`),
  UNIQUE INDEX `idCharacter_UNIQUE` (`idCharacter` ASC),
  INDEX `fk_Characters_Levels1_idx` (`idLevel` ASC),
  INDEX `fk_Characters_Areas1_idx` (`idArea` ASC),
  CONSTRAINT `fk_Characters_Levels1`
    FOREIGN KEY (`idLevel`)
    REFERENCES `discord_bot_rpg`.`Levels` (`idLevel`)
    ON DELETE NO ACTION
    ON UPDATE NO ACTION,
  CONSTRAINT `fk_Characters_Areas1`
    FOREIGN KEY (`idArea`)
    REFERENCES `discord_bot_rpg`.`Areas` (`idArea`)
    ON DELETE NO ACTION
    ON UPDATE NO ACTION)
ENGINE = InnoDB;


-- -----------------------------------------------------
-- Table `discord_bot_rpg`.`Users`
-- -----------------------------------------------------
DROP TABLE IF EXISTS `discord_bot_rpg`.`Users` ;

CREATE TABLE IF NOT EXISTS `discord_bot_rpg`.`Users` (
  `idUser` VARCHAR(20) NOT NULL,
  `idCharacter` INT UNSIGNED NOT NULL,
  `userName` VARCHAR(255) NOT NULL,
  PRIMARY KEY (`idUser`),
  UNIQUE INDEX `idUsers_UNIQUE` (`idUser` ASC),
  INDEX `fk_Users_Character_idx` (`idCharacter` ASC),
  UNIQUE INDEX `idCharacter_UNIQUE` (`idCharacter` ASC),
  CONSTRAINT `fk_Users_Character`
    FOREIGN KEY (`idCharacter`)
    REFERENCES `discord_bot_rpg`.`Characters` (`idCharacter`)
    ON DELETE NO ACTION
    ON UPDATE NO ACTION)
ENGINE = InnoDB;


-- -----------------------------------------------------
-- Table `discord_bot_rpg`.`Stats`
-- -----------------------------------------------------
DROP TABLE IF EXISTS `discord_bot_rpg`.`Stats` ;

CREATE TABLE IF NOT EXISTS `discord_bot_rpg`.`Stats` (
  `idStat` INT UNSIGNED NOT NULL AUTO_INCREMENT,
  `nom` VARCHAR(60) NOT NULL,
  `desc` VARCHAR(255) NULL,
  PRIMARY KEY (`idStat`),
  UNIQUE INDEX `idStat_UNIQUE` (`idStat` ASC),
  UNIQUE INDEX `nom_UNIQUE` (`nom` ASC))
ENGINE = InnoDB;


-- -----------------------------------------------------
-- Table `discord_bot_rpg`.`StatsCharacters`
-- -----------------------------------------------------
DROP TABLE IF EXISTS `discord_bot_rpg`.`StatsCharacters` ;

CREATE TABLE IF NOT EXISTS `discord_bot_rpg`.`StatsCharacters` (
  `idCharacter` INT UNSIGNED NOT NULL,
  `idStat` INT UNSIGNED NOT NULL,
  `value` INT UNSIGNED NOT NULL DEFAULT 0,
  PRIMARY KEY (`idCharacter`, `idStat`),
  INDEX `fk_StatsCharacters_Stats1_idx` (`idStat` ASC),
  CONSTRAINT `fk_StatsCharacters_Characters1`
    FOREIGN KEY (`idCharacter`)
    REFERENCES `discord_bot_rpg`.`Characters` (`idCharacter`)
    ON DELETE NO ACTION
    ON UPDATE NO ACTION,
  CONSTRAINT `fk_StatsCharacters_Stats1`
    FOREIGN KEY (`idStat`)
    REFERENCES `discord_bot_rpg`.`Stats` (`idStat`)
    ON DELETE NO ACTION
    ON UPDATE NO ACTION)
ENGINE = InnoDB;


-- -----------------------------------------------------
-- Table `discord_bot_rpg`.`MonstresTypes`
-- -----------------------------------------------------
DROP TABLE IF EXISTS `discord_bot_rpg`.`MonstresTypes` ;

CREATE TABLE IF NOT EXISTS `discord_bot_rpg`.`MonstresTypes` (
  `idType` INT UNSIGNED NOT NULL AUTO_INCREMENT,
  `nom` VARCHAR(255) NOT NULL,
  PRIMARY KEY (`idType`),
  UNIQUE INDEX `idType_UNIQUE` (`idType` ASC))
ENGINE = InnoDB;


-- -----------------------------------------------------
-- Table `discord_bot_rpg`.`Monstres`
-- -----------------------------------------------------
DROP TABLE IF EXISTS `discord_bot_rpg`.`Monstres` ;

CREATE TABLE IF NOT EXISTS `discord_bot_rpg`.`Monstres` (
  `idMonstre` INT UNSIGNED NOT NULL AUTO_INCREMENT,
  `name` VARCHAR(255) NOT NULL,
  `avglevel` INT UNSIGNED NOT NULL,
  `idType` INT UNSIGNED NOT NULL,
  PRIMARY KEY (`idMonstre`),
  UNIQUE INDEX `idMonstre_UNIQUE` (`idMonstre` ASC),
  INDEX `fk_Monstres_MonstresTypes1_idx` (`idType` ASC),
  CONSTRAINT `fk_Monstres_MonstresTypes1`
    FOREIGN KEY (`idType`)
    REFERENCES `discord_bot_rpg`.`MonstresTypes` (`idType`)
    ON DELETE NO ACTION
    ON UPDATE NO ACTION)
ENGINE = InnoDB;


-- -----------------------------------------------------
-- Table `discord_bot_rpg`.`StatsMonstres`
-- -----------------------------------------------------
DROP TABLE IF EXISTS `discord_bot_rpg`.`StatsMonstres` ;

CREATE TABLE IF NOT EXISTS `discord_bot_rpg`.`StatsMonstres` (
  `idMonstre` INT UNSIGNED NOT NULL,
  `idStat` INT UNSIGNED NOT NULL,
  `value` INT UNSIGNED NOT NULL DEFAULT 0,
  PRIMARY KEY (`idMonstre`, `idStat`),
  INDEX `fk_StatsMonstres_Stats1_idx` (`idStat` ASC),
  CONSTRAINT `fk_StatsMonstres_Monstres1`
    FOREIGN KEY (`idMonstre`)
    REFERENCES `discord_bot_rpg`.`Monstres` (`idMonstre`)
    ON DELETE NO ACTION
    ON UPDATE NO ACTION,
  CONSTRAINT `fk_StatsMonstres_Stats1`
    FOREIGN KEY (`idStat`)
    REFERENCES `discord_bot_rpg`.`Stats` (`idStat`)
    ON DELETE NO ACTION
    ON UPDATE NO ACTION)
ENGINE = InnoDB;


-- -----------------------------------------------------
-- Table `discord_bot_rpg`.`ItemsTypes`
-- -----------------------------------------------------
DROP TABLE IF EXISTS `discord_bot_rpg`.`ItemsTypes` ;

CREATE TABLE IF NOT EXISTS `discord_bot_rpg`.`ItemsTypes` (
  `idType` INT UNSIGNED NOT NULL AUTO_INCREMENT,
  `nomType` VARCHAR(45) NOT NULL,
  PRIMARY KEY (`idType`),
  UNIQUE INDEX `idType_UNIQUE` (`idType` ASC))
ENGINE = InnoDB;


-- -----------------------------------------------------
-- Table `discord_bot_rpg`.`ItemsRarities`
-- -----------------------------------------------------
DROP TABLE IF EXISTS `discord_bot_rpg`.`ItemsRarities` ;

CREATE TABLE IF NOT EXISTS `discord_bot_rpg`.`ItemsRarities` (
  `idRarity` INT UNSIGNED NOT NULL AUTO_INCREMENT,
  `nomRarity` VARCHAR(45) NOT NULL,
  `couleurRarity` VARCHAR(7) NOT NULL,
  PRIMARY KEY (`idRarity`),
  UNIQUE INDEX `idItemRaritie_UNIQUE` (`idRarity` ASC))
ENGINE = InnoDB;


-- -----------------------------------------------------
-- Table `discord_bot_rpg`.`ItemsBase`
-- -----------------------------------------------------
DROP TABLE IF EXISTS `discord_bot_rpg`.`ItemsBase` ;

CREATE TABLE IF NOT EXISTS `discord_bot_rpg`.`ItemsBase` (
  `idBaseItem` INT UNSIGNED NOT NULL AUTO_INCREMENT,
  `nomItem` VARCHAR(50) NOT NULL,
  `descItem` VARCHAR(255) NULL,
  `idType` INT UNSIGNED NOT NULL,
  `idRarity` INT UNSIGNED NOT NULL,
  PRIMARY KEY (`idBaseItem`),
  UNIQUE INDEX `idItem_UNIQUE` (`idBaseItem` ASC),
  INDEX `fk_Items_ItemsTypes1_idx` (`idType` ASC),
  INDEX `fk_ItemsBase_ItemsRarities1_idx` (`idRarity` ASC),
  CONSTRAINT `fk_Items_ItemsTypes1`
    FOREIGN KEY (`idType`)
    REFERENCES `discord_bot_rpg`.`ItemsTypes` (`idType`)
    ON DELETE NO ACTION
    ON UPDATE NO ACTION,
  CONSTRAINT `fk_ItemsBase_ItemsRarities1`
    FOREIGN KEY (`idRarity`)
    REFERENCES `discord_bot_rpg`.`ItemsRarities` (`idRarity`)
    ON DELETE NO ACTION
    ON UPDATE NO ACTION)
ENGINE = InnoDB;


-- -----------------------------------------------------
-- Table `discord_bot_rpg`.`Items`
-- -----------------------------------------------------
DROP TABLE IF EXISTS `discord_bot_rpg`.`Items` ;

CREATE TABLE IF NOT EXISTS `discord_bot_rpg`.`Items` (
  `idItem` INT UNSIGNED NOT NULL AUTO_INCREMENT,
  `idBaseItem` INT UNSIGNED NOT NULL,
  `level` INT UNSIGNED NOT NULL,
  PRIMARY KEY (`idItem`),
  UNIQUE INDEX `idItems_UNIQUE` (`idItem` ASC),
  INDEX `fk_Items_ItemsBase1_idx` (`idBaseItem` ASC),
  INDEX `fk_Items_LevelsRequire1_idx` (`level` ASC),
  CONSTRAINT `fk_Items_ItemsBase1`
    FOREIGN KEY (`idBaseItem`)
    REFERENCES `discord_bot_rpg`.`ItemsBase` (`idBaseItem`)
    ON DELETE NO ACTION
    ON UPDATE NO ACTION,
  CONSTRAINT `fk_Items_LevelsRequire1`
    FOREIGN KEY (`level`)
    REFERENCES `discord_bot_rpg`.`LevelsRequire` (`level`)
    ON DELETE NO ACTION
    ON UPDATE NO ACTION)
ENGINE = InnoDB;


-- -----------------------------------------------------
-- Table `discord_bot_rpg`.`ItemsStats`
-- -----------------------------------------------------
DROP TABLE IF EXISTS `discord_bot_rpg`.`ItemsStats` ;

CREATE TABLE IF NOT EXISTS `discord_bot_rpg`.`ItemsStats` (
  `idItem` INT UNSIGNED NOT NULL,
  `idStat` INT UNSIGNED NOT NULL,
  `value` INT UNSIGNED NOT NULL,
  PRIMARY KEY (`idItem`, `idStat`),
  INDEX `fk_ItemsStats_Stats1_idx` (`idStat` ASC),
  CONSTRAINT `fk_ItemsStats_Items1`
    FOREIGN KEY (`idItem`)
    REFERENCES `discord_bot_rpg`.`Items` (`idItem`)
    ON DELETE NO ACTION
    ON UPDATE NO ACTION,
  CONSTRAINT `fk_ItemsStats_Stats1`
    FOREIGN KEY (`idStat`)
    REFERENCES `discord_bot_rpg`.`Stats` (`idStat`)
    ON DELETE NO ACTION
    ON UPDATE NO ACTION)
ENGINE = InnoDB;


-- -----------------------------------------------------
-- Table `discord_bot_rpg`.`CharactersInventory`
-- -----------------------------------------------------
DROP TABLE IF EXISTS `discord_bot_rpg`.`CharactersInventory` ;

CREATE TABLE IF NOT EXISTS `discord_bot_rpg`.`CharactersInventory` (
  `idCharacter` INT UNSIGNED NOT NULL,
  `idItem` INT UNSIGNED NOT NULL,
  PRIMARY KEY (`idCharacter`, `idItem`),
  INDEX `fk_CharactersInventory_Items1_idx` (`idItem` ASC),
  UNIQUE INDEX `idItem_UNIQUE` (`idItem` ASC),
  CONSTRAINT `fk_CharactersInventory_Characters1`
    FOREIGN KEY (`idCharacter`)
    REFERENCES `discord_bot_rpg`.`Characters` (`idCharacter`)
    ON DELETE NO ACTION
    ON UPDATE NO ACTION,
  CONSTRAINT `fk_CharactersInventory_Items1`
    FOREIGN KEY (`idItem`)
    REFERENCES `discord_bot_rpg`.`Items` (`idItem`)
    ON DELETE NO ACTION
    ON UPDATE NO ACTION)
ENGINE = InnoDB;


-- -----------------------------------------------------
-- Table `discord_bot_rpg`.`CharactersEquipements`
-- -----------------------------------------------------
DROP TABLE IF EXISTS `discord_bot_rpg`.`CharactersEquipements` ;

CREATE TABLE IF NOT EXISTS `discord_bot_rpg`.`CharactersEquipements` (
  `idCharacter` INT UNSIGNED NOT NULL,
  `idItem` INT UNSIGNED NOT NULL,
  `idType` INT UNSIGNED NOT NULL,
  PRIMARY KEY (`idCharacter`, `idItem`, `idType`),
  INDEX `fk_CharactersEquipements_Items1_idx` (`idItem` ASC),
  UNIQUE INDEX `idItem_UNIQUE` (`idItem` ASC),
  INDEX `fk_CharactersEquipements_ItemsTypes1_idx` (`idType` ASC),
  CONSTRAINT `fk_CharactersEquipements_Characters1`
    FOREIGN KEY (`idCharacter`)
    REFERENCES `discord_bot_rpg`.`Characters` (`idCharacter`)
    ON DELETE NO ACTION
    ON UPDATE NO ACTION,
  CONSTRAINT `fk_CharactersEquipements_Items1`
    FOREIGN KEY (`idItem`)
    REFERENCES `discord_bot_rpg`.`Items` (`idItem`)
    ON DELETE NO ACTION
    ON UPDATE NO ACTION,
  CONSTRAINT `fk_CharactersEquipements_ItemsTypes1`
    FOREIGN KEY (`idType`)
    REFERENCES `discord_bot_rpg`.`ItemsTypes` (`idType`)
    ON DELETE NO ACTION
    ON UPDATE NO ACTION)
ENGINE = InnoDB;


-- -----------------------------------------------------
-- Table `discord_bot_rpg`.`AreasMonsters`
-- -----------------------------------------------------
DROP TABLE IF EXISTS `discord_bot_rpg`.`AreasMonsters` ;

CREATE TABLE IF NOT EXISTS `discord_bot_rpg`.`AreasMonsters` (
  `idArea` INT UNSIGNED NOT NULL,
  `idMonstre` INT UNSIGNED NOT NULL,
  PRIMARY KEY (`idArea`, `idMonstre`),
  INDEX `fk_AreasMonsters_Monstres1_idx` (`idMonstre` ASC),
  CONSTRAINT `fk_table1_Areas1`
    FOREIGN KEY (`idArea`)
    REFERENCES `discord_bot_rpg`.`Areas` (`idArea`)
    ON DELETE NO ACTION
    ON UPDATE NO ACTION,
  CONSTRAINT `fk_AreasMonsters_Monstres1`
    FOREIGN KEY (`idMonstre`)
    REFERENCES `discord_bot_rpg`.`Monstres` (`idMonstre`)
    ON DELETE NO ACTION
    ON UPDATE NO ACTION)
ENGINE = InnoDB;


-- -----------------------------------------------------
-- Table `discord_bot_rpg`.`AreasItems`
-- -----------------------------------------------------
DROP TABLE IF EXISTS `discord_bot_rpg`.`AreasItems` ;

CREATE TABLE IF NOT EXISTS `discord_bot_rpg`.`AreasItems` (
  `idArea` INT UNSIGNED NOT NULL,
  `idBaseItem` INT UNSIGNED NOT NULL,
  PRIMARY KEY (`idArea`, `idBaseItem`),
  INDEX `fk_AreasItems_ItemsBase1_idx` (`idBaseItem` ASC),
  CONSTRAINT `fk_AreasItems_Areas1`
    FOREIGN KEY (`idArea`)
    REFERENCES `discord_bot_rpg`.`Areas` (`idArea`)
    ON DELETE NO ACTION
    ON UPDATE NO ACTION,
  CONSTRAINT `fk_AreasItems_ItemsBase1`
    FOREIGN KEY (`idBaseItem`)
    REFERENCES `discord_bot_rpg`.`ItemsBase` (`idBaseItem`)
    ON DELETE NO ACTION
    ON UPDATE NO ACTION)
ENGINE = InnoDB;


-- -----------------------------------------------------
-- Table `discord_bot_rpg`.`CharactersHonor`
-- -----------------------------------------------------
DROP TABLE IF EXISTS `discord_bot_rpg`.`CharactersHonor` ;

CREATE TABLE IF NOT EXISTS `discord_bot_rpg`.`CharactersHonor` (
  `idCharacter` INT UNSIGNED NOT NULL,
  `Honor` INT UNSIGNED NOT NULL DEFAULT 0,
  PRIMARY KEY (`idCharacter`),
  CONSTRAINT `fk_CharacterHonor_Characters1`
    FOREIGN KEY (`idCharacter`)
    REFERENCES `discord_bot_rpg`.`Characters` (`idCharacter`)
    ON DELETE NO ACTION
    ON UPDATE NO ACTION)
ENGINE = InnoDB;


SET SQL_MODE=@OLD_SQL_MODE;
SET FOREIGN_KEY_CHECKS=@OLD_FOREIGN_KEY_CHECKS;
SET UNIQUE_CHECKS=@OLD_UNIQUE_CHECKS;

-- -----------------------------------------------------
-- Data for table `discord_bot_rpg`.`LevelsRequire`
-- -----------------------------------------------------
START TRANSACTION;
USE `discord_bot_rpg`;
INSERT INTO `discord_bot_rpg`.`LevelsRequire` (`level`, `expNextLevel`) VALUES (1, 2);
INSERT INTO `discord_bot_rpg`.`LevelsRequire` (`level`, `expNextLevel`) VALUES (2, 24);
INSERT INTO `discord_bot_rpg`.`LevelsRequire` (`level`, `expNextLevel`) VALUES (3, 62);
INSERT INTO `discord_bot_rpg`.`LevelsRequire` (`level`, `expNextLevel`) VALUES (4, 136);
INSERT INTO `discord_bot_rpg`.`LevelsRequire` (`level`, `expNextLevel`) VALUES (5, 258);
INSERT INTO `discord_bot_rpg`.`LevelsRequire` (`level`, `expNextLevel`) VALUES (6, 440);
INSERT INTO `discord_bot_rpg`.`LevelsRequire` (`level`, `expNextLevel`) VALUES (7, 694);
INSERT INTO `discord_bot_rpg`.`LevelsRequire` (`level`, `expNextLevel`) VALUES (8, 1032);
INSERT INTO `discord_bot_rpg`.`LevelsRequire` (`level`, `expNextLevel`) VALUES (9, 1466);
INSERT INTO `discord_bot_rpg`.`LevelsRequire` (`level`, `expNextLevel`) VALUES (10, 2008);
INSERT INTO `discord_bot_rpg`.`LevelsRequire` (`level`, `expNextLevel`) VALUES (11, 2670);
INSERT INTO `discord_bot_rpg`.`LevelsRequire` (`level`, `expNextLevel`) VALUES (12, 3464);
INSERT INTO `discord_bot_rpg`.`LevelsRequire` (`level`, `expNextLevel`) VALUES (13, 4402);
INSERT INTO `discord_bot_rpg`.`LevelsRequire` (`level`, `expNextLevel`) VALUES (14, 5496);
INSERT INTO `discord_bot_rpg`.`LevelsRequire` (`level`, `expNextLevel`) VALUES (15, 6758);
INSERT INTO `discord_bot_rpg`.`LevelsRequire` (`level`, `expNextLevel`) VALUES (16, 8200);
INSERT INTO `discord_bot_rpg`.`LevelsRequire` (`level`, `expNextLevel`) VALUES (17, 9834);
INSERT INTO `discord_bot_rpg`.`LevelsRequire` (`level`, `expNextLevel`) VALUES (18, 11672);
INSERT INTO `discord_bot_rpg`.`LevelsRequire` (`level`, `expNextLevel`) VALUES (19, 13726);
INSERT INTO `discord_bot_rpg`.`LevelsRequire` (`level`, `expNextLevel`) VALUES (20, 16008);

COMMIT;


-- -----------------------------------------------------
-- Data for table `discord_bot_rpg`.`Areas`
-- -----------------------------------------------------
START TRANSACTION;
USE `discord_bot_rpg`;
INSERT INTO `discord_bot_rpg`.`Areas` (`idArea`, `AreaName`, `AreaDesc`, `AreaImage`, `AreaLevels`) VALUES (1, 'Plaine des Débutants', '', DEFAULT, '1-2');
INSERT INTO `discord_bot_rpg`.`Areas` (`idArea`, `AreaName`, `AreaDesc`, `AreaImage`, `AreaLevels`) VALUES (2, 'Forêt de Baldor', NULL, DEFAULT, '2-5');

COMMIT;


-- -----------------------------------------------------
-- Data for table `discord_bot_rpg`.`Stats`
-- -----------------------------------------------------
START TRANSACTION;
USE `discord_bot_rpg`;
INSERT INTO `discord_bot_rpg`.`Stats` (`idStat`, `nom`, `desc`) VALUES (1, 'force', NULL);
INSERT INTO `discord_bot_rpg`.`Stats` (`idStat`, `nom`, `desc`) VALUES (2, 'intelligence', NULL);
INSERT INTO `discord_bot_rpg`.`Stats` (`idStat`, `nom`, `desc`) VALUES (3, 'constitution', NULL);
INSERT INTO `discord_bot_rpg`.`Stats` (`idStat`, `nom`, `desc`) VALUES (4, 'defense', NULL);
INSERT INTO `discord_bot_rpg`.`Stats` (`idStat`, `nom`, `desc`) VALUES (5, 'dexterite', NULL);
INSERT INTO `discord_bot_rpg`.`Stats` (`idStat`, `nom`, `desc`) VALUES (6, 'sagesse', NULL);
INSERT INTO `discord_bot_rpg`.`Stats` (`idStat`, `nom`, `desc`) VALUES (7, 'volonte', NULL);
INSERT INTO `discord_bot_rpg`.`Stats` (`idStat`, `nom`, `desc`) VALUES (8, 'perception', NULL);
INSERT INTO `discord_bot_rpg`.`Stats` (`idStat`, `nom`, `desc`) VALUES (9, 'charisme', NULL);
INSERT INTO `discord_bot_rpg`.`Stats` (`idStat`, `nom`, `desc`) VALUES (10, 'luck', NULL);

COMMIT;


-- -----------------------------------------------------
-- Data for table `discord_bot_rpg`.`MonstresTypes`
-- -----------------------------------------------------
START TRANSACTION;
USE `discord_bot_rpg`;
INSERT INTO `discord_bot_rpg`.`MonstresTypes` (`idType`, `nom`) VALUES (1, 'Normal');

COMMIT;


-- -----------------------------------------------------
-- Data for table `discord_bot_rpg`.`Monstres`
-- -----------------------------------------------------
START TRANSACTION;
USE `discord_bot_rpg`;
INSERT INTO `discord_bot_rpg`.`Monstres` (`idMonstre`, `name`, `avglevel`, `idType`) VALUES (1, 'Ganguizz', 2, 1);
INSERT INTO `discord_bot_rpg`.`Monstres` (`idMonstre`, `name`, `avglevel`, `idType`) VALUES (2, 'Slime', 1, 1);
INSERT INTO `discord_bot_rpg`.`Monstres` (`idMonstre`, `name`, `avglevel`, `idType`) VALUES (3, 'Neko Girl', 7, 1);
INSERT INTO `discord_bot_rpg`.`Monstres` (`idMonstre`, `name`, `avglevel`, `idType`) VALUES (4, 'Shinobu', 20, 1);
INSERT INTO `discord_bot_rpg`.`Monstres` (`idMonstre`, `name`, `avglevel`, `idType`) VALUES (5, 'Lenka', 5, 1);
INSERT INTO `discord_bot_rpg`.`Monstres` (`idMonstre`, `name`, `avglevel`, `idType`) VALUES (6, 'Golem de boue', 4, 1);
INSERT INTO `discord_bot_rpg`.`Monstres` (`idMonstre`, `name`, `avglevel`, `idType`) VALUES (7, 'Golem de feu', 3, 1);
INSERT INTO `discord_bot_rpg`.`Monstres` (`idMonstre`, `name`, `avglevel`, `idType`) VALUES (8, 'Golem de pierre', 6, 1);
INSERT INTO `discord_bot_rpg`.`Monstres` (`idMonstre`, `name`, `avglevel`, `idType`) VALUES (9, 'Golem de la guerre', 8, 1);

COMMIT;


-- -----------------------------------------------------
-- Data for table `discord_bot_rpg`.`StatsMonstres`
-- -----------------------------------------------------
START TRANSACTION;
USE `discord_bot_rpg`;
INSERT INTO `discord_bot_rpg`.`StatsMonstres` (`idMonstre`, `idStat`, `value`) VALUES (1, 1, 5);
INSERT INTO `discord_bot_rpg`.`StatsMonstres` (`idMonstre`, `idStat`, `value`) VALUES (1, 3, 5);
INSERT INTO `discord_bot_rpg`.`StatsMonstres` (`idMonstre`, `idStat`, `value`) VALUES (2, 1, 4);
INSERT INTO `discord_bot_rpg`.`StatsMonstres` (`idMonstre`, `idStat`, `value`) VALUES (3, 5, 15);
INSERT INTO `discord_bot_rpg`.`StatsMonstres` (`idMonstre`, `idStat`, `value`) VALUES (3, 1, 9);
INSERT INTO `discord_bot_rpg`.`StatsMonstres` (`idMonstre`, `idStat`, `value`) VALUES (3, 3, 7);
INSERT INTO `discord_bot_rpg`.`StatsMonstres` (`idMonstre`, `idStat`, `value`) VALUES (3, 4, 4);
INSERT INTO `discord_bot_rpg`.`StatsMonstres` (`idMonstre`, `idStat`, `value`) VALUES (4, 1, 25);
INSERT INTO `discord_bot_rpg`.`StatsMonstres` (`idMonstre`, `idStat`, `value`) VALUES (4, 3, 50);
INSERT INTO `discord_bot_rpg`.`StatsMonstres` (`idMonstre`, `idStat`, `value`) VALUES (4, 5, 25);
INSERT INTO `discord_bot_rpg`.`StatsMonstres` (`idMonstre`, `idStat`, `value`) VALUES (5, 1, 20);
INSERT INTO `discord_bot_rpg`.`StatsMonstres` (`idMonstre`, `idStat`, `value`) VALUES (5, 3, 5);
INSERT INTO `discord_bot_rpg`.`StatsMonstres` (`idMonstre`, `idStat`, `value`) VALUES (6, 1, 12);
INSERT INTO `discord_bot_rpg`.`StatsMonstres` (`idMonstre`, `idStat`, `value`) VALUES (6, 3, 12);
INSERT INTO `discord_bot_rpg`.`StatsMonstres` (`idMonstre`, `idStat`, `value`) VALUES (7, 1, 3);
INSERT INTO `discord_bot_rpg`.`StatsMonstres` (`idMonstre`, `idStat`, `value`) VALUES (7, 3, 15);
INSERT INTO `discord_bot_rpg`.`StatsMonstres` (`idMonstre`, `idStat`, `value`) VALUES (8, 1, 18);
INSERT INTO `discord_bot_rpg`.`StatsMonstres` (`idMonstre`, `idStat`, `value`) VALUES (8, 3, 18);
INSERT INTO `discord_bot_rpg`.`StatsMonstres` (`idMonstre`, `idStat`, `value`) VALUES (9, 3, 30);
INSERT INTO `discord_bot_rpg`.`StatsMonstres` (`idMonstre`, `idStat`, `value`) VALUES (9, 1, 15);

COMMIT;


-- -----------------------------------------------------
-- Data for table `discord_bot_rpg`.`ItemsTypes`
-- -----------------------------------------------------
START TRANSACTION;
USE `discord_bot_rpg`;
INSERT INTO `discord_bot_rpg`.`ItemsTypes` (`idType`, `nomType`) VALUES (1, 'Arme');
INSERT INTO `discord_bot_rpg`.`ItemsTypes` (`idType`, `nomType`) VALUES (2, 'Torse');
INSERT INTO `discord_bot_rpg`.`ItemsTypes` (`idType`, `nomType`) VALUES (3, 'Jambes');
INSERT INTO `discord_bot_rpg`.`ItemsTypes` (`idType`, `nomType`) VALUES (4, 'Tête');

COMMIT;


-- -----------------------------------------------------
-- Data for table `discord_bot_rpg`.`ItemsRarities`
-- -----------------------------------------------------
START TRANSACTION;
USE `discord_bot_rpg`;
INSERT INTO `discord_bot_rpg`.`ItemsRarities` (`idRarity`, `nomRarity`, `couleurRarity`) VALUES (1, 'Commun', '#FFFFFF');
INSERT INTO `discord_bot_rpg`.`ItemsRarities` (`idRarity`, `nomRarity`, `couleurRarity`) VALUES (2, 'Rare', '#00FF00');
INSERT INTO `discord_bot_rpg`.`ItemsRarities` (`idRarity`, `nomRarity`, `couleurRarity`) VALUES (3, 'Supérieur', '#0000FF');
INSERT INTO `discord_bot_rpg`.`ItemsRarities` (`idRarity`, `nomRarity`, `couleurRarity`) VALUES (4, 'Epique', '#FF00FF');
INSERT INTO `discord_bot_rpg`.`ItemsRarities` (`idRarity`, `nomRarity`, `couleurRarity`) VALUES (5, 'Légendaire', '#C80000');

COMMIT;


-- -----------------------------------------------------
-- Data for table `discord_bot_rpg`.`ItemsBase`
-- -----------------------------------------------------
START TRANSACTION;
USE `discord_bot_rpg`;
INSERT INTO `discord_bot_rpg`.`ItemsBase` (`idBaseItem`, `nomItem`, `descItem`, `idType`, `idRarity`) VALUES (1, 'Epée en Bois', 'Une simple épée d\'entrainement.', 1, 1);
INSERT INTO `discord_bot_rpg`.`ItemsBase` (`idBaseItem`, `nomItem`, `descItem`, `idType`, `idRarity`) VALUES (2, 'Epée en fer', 'Une épée quoi.', 1, 2);
INSERT INTO `discord_bot_rpg`.`ItemsBase` (`idBaseItem`, `nomItem`, `descItem`, `idType`, `idRarity`) VALUES (3, 'Epée en acier forgé', 'Romain c\'est un connard.', 1, 3);
INSERT INTO `discord_bot_rpg`.`ItemsBase` (`idBaseItem`, `nomItem`, `descItem`, `idType`, `idRarity`) VALUES (4, 'Epée de grâce', 'Juste une épée pour les gros.', 1, 4);
INSERT INTO `discord_bot_rpg`.`ItemsBase` (`idBaseItem`, `nomItem`, `descItem`, `idType`, `idRarity`) VALUES (5, 'Epée d\'attaque infinie', 'Ouai en fait non', 1, 5);
INSERT INTO `discord_bot_rpg`.`ItemsBase` (`idBaseItem`, `nomItem`, `descItem`, `idType`, `idRarity`) VALUES (6, 'Armure de débutant', NULL, 2, 1);
INSERT INTO `discord_bot_rpg`.`ItemsBase` (`idBaseItem`, `nomItem`, `descItem`, `idType`, `idRarity`) VALUES (7, 'Armure en fer', NULL, 2, 2);
INSERT INTO `discord_bot_rpg`.`ItemsBase` (`idBaseItem`, `nomItem`, `descItem`, `idType`, `idRarity`) VALUES (8, 'Armure en acier forgé', NULL, 2, 3);
INSERT INTO `discord_bot_rpg`.`ItemsBase` (`idBaseItem`, `nomItem`, `descItem`, `idType`, `idRarity`) VALUES (9, 'Armure magique', NULL, 2, 4);
INSERT INTO `discord_bot_rpg`.`ItemsBase` (`idBaseItem`, `nomItem`, `descItem`, `idType`, `idRarity`) VALUES (10, 'Armure de protection infinie', NULL, 2, 5);
INSERT INTO `discord_bot_rpg`.`ItemsBase` (`idBaseItem`, `nomItem`, `descItem`, `idType`, `idRarity`) VALUES (11, 'Jambières de débutant', NULL, 3, 1);
INSERT INTO `discord_bot_rpg`.`ItemsBase` (`idBaseItem`, `nomItem`, `descItem`, `idType`, `idRarity`) VALUES (12, 'Jambières en fer', NULL, 3, 2);
INSERT INTO `discord_bot_rpg`.`ItemsBase` (`idBaseItem`, `nomItem`, `descItem`, `idType`, `idRarity`) VALUES (13, 'Jambières en acier forgé', NULL, 3, 3);
INSERT INTO `discord_bot_rpg`.`ItemsBase` (`idBaseItem`, `nomItem`, `descItem`, `idType`, `idRarity`) VALUES (14, 'Jambières magique', NULL, 3, 4);
INSERT INTO `discord_bot_rpg`.`ItemsBase` (`idBaseItem`, `nomItem`, `descItem`, `idType`, `idRarity`) VALUES (15, 'Jambières de protection infinie', NULL, 3, 5);
INSERT INTO `discord_bot_rpg`.`ItemsBase` (`idBaseItem`, `nomItem`, `descItem`, `idType`, `idRarity`) VALUES (16, 'Casque de débutant', NULL, 4, 1);
INSERT INTO `discord_bot_rpg`.`ItemsBase` (`idBaseItem`, `nomItem`, `descItem`, `idType`, `idRarity`) VALUES (17, 'Casque en fer', NULL, 4, 2);
INSERT INTO `discord_bot_rpg`.`ItemsBase` (`idBaseItem`, `nomItem`, `descItem`, `idType`, `idRarity`) VALUES (18, 'Casque en acier forgé', NULL, 4, 3);
INSERT INTO `discord_bot_rpg`.`ItemsBase` (`idBaseItem`, `nomItem`, `descItem`, `idType`, `idRarity`) VALUES (19, 'Casque magique', NULL, 4, 4);
INSERT INTO `discord_bot_rpg`.`ItemsBase` (`idBaseItem`, `nomItem`, `descItem`, `idType`, `idRarity`) VALUES (20, 'Casque de protection infinie', NULL, 4, 5);

COMMIT;


-- -----------------------------------------------------
-- Data for table `discord_bot_rpg`.`AreasMonsters`
-- -----------------------------------------------------
START TRANSACTION;
USE `discord_bot_rpg`;
INSERT INTO `discord_bot_rpg`.`AreasMonsters` (`idArea`, `idMonstre`) VALUES (1, 2);
INSERT INTO `discord_bot_rpg`.`AreasMonsters` (`idArea`, `idMonstre`) VALUES (1, 1);
INSERT INTO `discord_bot_rpg`.`AreasMonsters` (`idArea`, `idMonstre`) VALUES (2, 7);
INSERT INTO `discord_bot_rpg`.`AreasMonsters` (`idArea`, `idMonstre`) VALUES (2, 6);
INSERT INTO `discord_bot_rpg`.`AreasMonsters` (`idArea`, `idMonstre`) VALUES (2, 5);

COMMIT;


-- -----------------------------------------------------
-- Data for table `discord_bot_rpg`.`AreasItems`
-- -----------------------------------------------------
START TRANSACTION;
USE `discord_bot_rpg`;
INSERT INTO `discord_bot_rpg`.`AreasItems` (`idArea`, `idBaseItem`) VALUES (1, 1);
INSERT INTO `discord_bot_rpg`.`AreasItems` (`idArea`, `idBaseItem`) VALUES (1, 6);
INSERT INTO `discord_bot_rpg`.`AreasItems` (`idArea`, `idBaseItem`) VALUES (1, 11);
INSERT INTO `discord_bot_rpg`.`AreasItems` (`idArea`, `idBaseItem`) VALUES (1, 16);
INSERT INTO `discord_bot_rpg`.`AreasItems` (`idArea`, `idBaseItem`) VALUES (2, 1);
INSERT INTO `discord_bot_rpg`.`AreasItems` (`idArea`, `idBaseItem`) VALUES (2, 2);
INSERT INTO `discord_bot_rpg`.`AreasItems` (`idArea`, `idBaseItem`) VALUES (2, 6);
INSERT INTO `discord_bot_rpg`.`AreasItems` (`idArea`, `idBaseItem`) VALUES (2, 7);
INSERT INTO `discord_bot_rpg`.`AreasItems` (`idArea`, `idBaseItem`) VALUES (2, 11);
INSERT INTO `discord_bot_rpg`.`AreasItems` (`idArea`, `idBaseItem`) VALUES (2, 12);
INSERT INTO `discord_bot_rpg`.`AreasItems` (`idArea`, `idBaseItem`) VALUES (2, 16);
INSERT INTO `discord_bot_rpg`.`AreasItems` (`idArea`, `idBaseItem`) VALUES (2, 17);

COMMIT;

